date,cases_chn,cases_kor,cases_aus,cases_jpn,cases_mys,cases_phl,cases_sgp,cases_nzl,cases_vnm,cases_brn,cases_khm,cases_mng,cases_fji,cases_lao,cases_png,cases_gum,cases_pyf,cases_ncl,cases_mnp,cases_idn,cases_tha,cases_ind,cases_lka,cases_mdv,cases_bgd,cases_btn,cases_npl,cases_mmr,cases_tls,cases_usa,cases_can,cases_bra,cases_chl,cases_ecu,cases_mex,cases_dom,cases_pan,cases_per,cases_arg,cases_col,cases_cri,cases_ury,cases_cub,cases_hnd,cases_ven,cases_bol,cases_tto,cases_pry,cases_gtm,cases_jam,cases_slv,cases_brb,cases_guy,cases_hti,cases_lca,cases_dma,cases_grd,cases_sur,cases_kna,cases_atg,cases_nic,cases_blz,cases_vct,cases_pri,cases_mtq,cases_glp,cases_abw,cases_guf,cases_vir,cases_bmu,cases_cym,cases_sxm,cases_maf,cases_cuw,cases_blm,cases_msr,cases_tca,cases_aia,cases_vgb,cases_bes,cases_flk,cases_spm,cases_esp,cases_ita,cases_deu,cases_fra,cases_gbr,cases_tur,cases_bel,cases_che,cases_nld,cases_prt,cases_aut,cases_rus,cases_isr,cases_swe,cases_irl,cases_nor,cases_dnk,cases_pol,cases_cze,cases_rou,cases_lux,cases_srb,cases_fin,cases_ukr,cases_grc,cases_isl,cases_hrv,cases_mda,cases_est,cases_hun,cases_svn,cases_blr,cases_ltu,cases_arm,cases_aze,cases_bih,cases_kaz,cases_svk,cases_mkd,cases_bgr,cases_uzb,cases_and,cases_lva,cases_cyp,cases_alb,cases_smr,cases_mlt,cases_kgz,cases_mne,cases_geo,cases_lie,cases_mco,cases_vat,cases_fro,cases_ggy,cases_jey,cases_imn,cases_gib,cases_grl,cases_irn,cases_pak,cases_sau,cases_qat,cases_egy,cases_irq,cases_are,cases_mar,cases_bhr,cases_lbn,cases_tun,cases_jor,cases_kwt,cases_omn,cases_afg,cases_dji,cases_syr,cases_lby,cases_sdn,cases_som,cases_yem,cases_pse,cases_zaf,cases_dza,cases_bfa,cases_civ,cases_sen,cases_gha,cases_cmr,cases_nga,cases_mus,cases_cod,cases_rwa,cases_mdg,cases_ken,cases_zmb,cases_tgo,cases_uga,cases_eth,cases_ner,cases_cog,cases_tza,cases_mli,cases_gin,cases_gnq,cases_nam,cases_swz,cases_moz,cases_syc,cases_gab,cases_ben,cases_caf,cases_eri,cases_cpv,cases_tcd,cases_mrt,cases_zwe,cases_gmb,cases_lbr,cases_ago,cases_gnb,cases_bwa,cases_mwi,cases_stp,cases_bdi,cases_sle,cases_ssd,cases_reu,cases_myt
2020-01-20,0,0,0,0,0,0,0,0,0,0,0,0,0,0,0,0,0,0,0,0,0,0,0,0,0,0,0,0,0,0,0,0,0,0,0,0,0,0,0,0,0,0,0,0,0,,0,0,0,0,0,0,0,0,0,0,0,0,0,0,0,0,0,0,0,0,0,0,0,0,0,0,0,0,0,0,0,0,0,0,0,0,0,0,0,0,0,0,0,0,0,0,0,0,0,0,0,0,0,0,0,0,0,0,0,0,0,0,0,0,0,0,0,0,0,0,0,0,0,0,0,0,0,0,0,0,0,0,0,0,0,0,0,0,0,0,0,0,0,0,0,0,0,0,0,0,0,0,0,0,0,0,0,0,0,0,0,0,0,0,0,0,0,0,0,0,0,0,0,0,0,0,0,0,0,0,0,0,0,0,0,0,0,0,0,0,0,0,0,0,0,0,0,0,0,0,0,0,0,0,0,0,0,0,0,0,0,0,0,0
2020-01-21,31,0,0,0,0,0,0,0,0,0,0,0,0,0,0,0,0,0,0,0,0,0,0,0,0,0,0,0,0,0,0,0,0,0,0,0,0,0,0,0,0,0,0,0,0,0,0,0,0,0,0,0,0,0,0,0,0,0,0,0,0,0,0,0,0,0,0,0,0,0,0,0,0,0,0,0,0,0,0,0,0,0,0,0,0,0,0,0,0,0,0,0,0,0,0,0,0,0,0,0,0,0,0,0,0,0,0,0,0,0,0,0,0,0,0,0,0,0,0,0,0,0,0,0,0,0,0,0,0,0,0,0,0,0,0,0,0,0,0,0,0,0,0,0,0,0,0,0,0,0,0,0,0,0,0,0,0,0,0,0,0,0,0,0,0,0,0,0,0,0,0,0,0,0,0,0,0,0,0,0,0,0,0,0,0,0,0,0,0,0,0,0,0,0,0,0,0,0,0,0,0,0,0,0,0,0,0,0,0,0
2020-01-23,262,0,0,0,0,0,0,0,0,0,0,0,0,0,0,0,0,0,0,0,2,0,0,0,0,0,0,0,0,1,0,0,0,0,0,0,0,0,0,0,0,0,0,0,0,0,0,0,0,0,0,0,0,0,0,0,0,0,0,0,0,0,0,0,0,0,0,0,0,0,0,0,0,0,0,0,0,0,0,0,0,0,0,0,0,0,0,0,0,0,0,0,0,0,0,0,0,0,0,0,0,0,0,0,0,0,0,0,0,0,0,0,0,0,0,0,0,0,0,0,0,0,0,0,0,0,0,0,0,0,0,0,0,0,0,0,0,0,0,0,0,0,0,0,0,0,0,0,0,0,0,0,0,0,0,0,0,0,0,0,0,0,0,0,0,0,0,0,0,0,0,0,0,0,0,0,0,0,0,0,0,0,0,0,0,0,0,0,0,0,0,0,0,0,0,0,0,0,0,0,0,0,0,0,0,0,0,0,0,0
2020-01-24,259,1,0,0,0,0,1,0,2,0,0,0,0,0,0,0,0,0,0,0,0,0,0,0,0,0,0,0,0,0,0,0,0,0,0,0,0,0,0,0,0,0,0,0,0,0,0,0,0,0,0,0,0,0,0,0,0,0,0,0,0,0,0,0,0,0,0,0,0,0,0,0,0,0,0,0,0,0,0,0,0,0,0,0,0,0,0,0,0,0,0,0,0,0,0,0,0,0,0,0,0,0,0,0,0,0,0,0,0,0,0,0,0,0,0,0,0,0,0,0,0,0,0,0,0,0,0,0,0,0,0,0,0,0,0,0,0,0,0,0,0,0,0,0,0,0,0,0,0,0,0,0,0,0,0,0,0,0,0,0,0,0,0,0,0,0,0,0,0,0,0,0,0,0,0,0,0,0,0,0,0,0,0,0,0,0,0,0,0,0,0,0,0,0,0,0,0,0,0,0,0,0,0,0,0,0,0,0,0,0
2020-01-25,467,0,3,2,0,0,2,0,0,0,0,0,0,0,0,0,0,0,0,0,0,0,0,0,0,0,1,0,0,1,0,0,0,0,0,0,0,0,0,0,0,0,0,0,0,0,0,0,0,0,0,0,0,0,0,0,0,0,0,0,0,0,0,0,0,0,0,0,0,0,0,0,0,0,0,0,0,0,0,0,0,0,0,0,0,3,0,0,0,0,0,0,0,0,0,0,0,0,0,0,0,0,0,0,0,0,0,0,0,0,0,0,0,0,0,0,0,0,0,0,0,0,0,0,0,0,0,0,0,0,0,0,0,0,0,0,0,0,0,0,0,0,0,0,0,,0,0,0,0,0,0,0,0,0,0,0,0,0,0,0,0,0,0,0,0,0,0,0,0,0,0,0,0,0,0,0,0,0,0,0,0,0,0,0,0,0,0,0,0,0,0,0,0,0,0,0,0,0,0,0,0,0,0,0,0,0,0,0,0
2020-01-26,688,0,1,0,3,0,1,0,0,0,0,0,0,0,0,0,0,0,0,0,1,0,0,0,0,0,0,0,0,0,0,0,0,0,0,0,0,0,0,0,0,0,0,0,0,0,0,0,0,0,0,0,0,0,0,0,0,0,0,0,0,0,0,0,0,0,0,0,0,0,0,0,0,0,0,0,0,0,0,0,0,0,0,0,0,0,0,0,0,0,0,0,0,0,0,0,0,0,0,0,0,0,0,0,0,0,0,0,0,0,0,0,0,0,0,0,0,0,0,0,0,0,0,0,0,0,0,0,0,0,0,0,0,0,0,0,0,0,0,0,0,0,0,0,0,0,0,0,0,0,0,0,0,0,0,0,0,0,0,0,0,0,0,0,0,0,0,0,0,0,0,0,0,0,0,0,0,0,0,0,0,0,0,0,0,0,0,0,0,0,0,0,0,0,0,0,0,0,0,0,0,0,0,0,0,0,0,0,0,0
2020-01-27,776,2,0,1,1,0,0,0,0,,0,0,0,0,0,0,0,0,0,0,0,0,0,0,0,0,0,0,0,3,1,0,0,0,0,0,0,0,0,0,0,0,,0,0,0,0,0,0,0,0,0,0,0,0,0,0,0,0,0,0,0,0,0,0,0,0,0,0,0,0,0,0,0,0,0,0,0,0,0,0,0,0,0,0,0,0,0,0,0,0,0,0,0,0,0,0,0,0,0,0,0,0,0,0,0,0,0,0,0,0,0,0,0,0,0,0,0,0,0,0,0,0,0,0,0,0,0,0,0,0,0,0,0,0,0,0,0,0,0,0,0,0,0,0,0,0,0,0,0,0,0,0,0,0,0,0,0,0,0,0,0,0,0,0,0,0,0,0,0,0,0,0,0,0,0,0,0,0,0,0,0,0,0,0,0,0,0,0,0,0,0,0,0,0,0,0,0,0,0,0,0,0,0,0,0,0,0,0,0
2020-01-28,1776,0,1,2,0,0,3,0,0,0,1,0,0,0,0,0,0,0,0,0,9,0,1,0,0,0,0,0,0,0,1,0,0,0,0,0,0,0,0,0,0,0,0,0,0,0,0,0,0,0,0,0,0,0,0,0,0,0,0,0,0,0,0,0,0,0,0,0,0,0,0,0,0,0,0,0,0,0,0,0,0,0,0,0,1,0,0,0,0,0,0,0,0,0,0,0,0,0,0,0,0,0,0,0,0,0,0,0,0,0,0,0,0,0,0,0,0,0,0,0,0,0,0,0,0,0,0,0,0,0,0,0,0,0,0,0,0,0,0,0,0,0,0,0,0,0,0,0,0,0,0,0,0,0,0,0,0,0,0,0,0,0,0,0,0,0,0,0,0,0,0,0,0,0,0,0,0,0,0,0,0,0,0,0,0,0,0,0,0,0,0,0,0,0,0,0,0,0,0,0,0,0,0,0,0,0,0,0,0,0
2020-01-29,1460,0,2,1,0,0,0,0,0,0,0,0,0,0,0,0,0,0,0,0,0,0,0,0,0,0,0,0,0,0,1,0,0,0,0,0,0,0,0,0,0,0,0,0,0,0,0,0,0,0,0,0,0,0,0,0,0,0,0,0,0,0,0,0,0,0,0,0,0,0,0,0,0,0,0,0,0,0,0,0,0,0,0,0,3,1,0,0,0,0,0,0,0,0,0,0,0,0,0,0,0,0,0,0,0,0,0,0,0,0,0,0,0,0,0,0,0,0,0,0,0,0,0,0,0,0,0,0,0,0,0,0,0,0,0,0,0,0,0,0,0,0,0,0,0,0,0,4,0,0,0,0,0,0,0,0,0,0,0,0,0,0,0,0,0,0,0,0,0,0,0,0,0,0,0,0,0,0,0,0,0,0,0,0,0,0,0,0,0,0,0,0,0,0,0,0,0,0,0,0,0,0,0,0,0,0,0,0,0,0
2020-01-30,1739,0,0,4,3,1,3,0,0,0,0,0,0,0,0,0,0,0,0,0,0,1,0,0,0,0,0,0,0,0,0,0,0,0,0,0,0,0,0,0,0,0,0,0,0,0,0,0,0,0,0,0,0,0,0,0,0,0,0,0,0,0,0,0,0,0,0,0,0,0,0,0,0,0,0,0,0,0,0,0,0,0,0,0,0,1,0,0,0,0,0,0,0,0,0,0,0,0,0,0,0,0,0,0,1,0,0,0,0,0,0,0,0,0,0,0,0,0,0,0,0,0,0,0,0,0,0,0,0,0,0,0,0,0,0,0,0,0,0,0,0,0,0,0,0,0,0,0,0,0,0,0,0,0,0,0,0,0,0,0,0,0,0,0,0,0,0,0,0,0,0,0,0,0,0,0,0,0,0,0,0,0,0,0,0,0,0,0,0,0,0,0,0,0,0,0,0,0,0,0,0,0,0,0,0,0,0,0,0,0
2020-01-31,1984,7,2,3,1,0,3,0,3,0,0,0,0,0,0,0,0,0,0,0,0,0,0,0,0,0,0,0,0,1,0,0,0,0,0,0,0,0,0,0,0,0,0,0,0,0,0,0,0,0,0,0,0,0,0,0,0,0,0,0,0,0,0,0,0,0,0,0,0,0,0,0,0,0,0,0,0,0,0,0,0,0,0,2,1,1,0,0,0,0,0,0,0,0,0,0,0,0,0,0,0,0,0,0,0,0,0,0,0,0,0,0,0,0,0,0,0,0,0,0,0,0,0,0,0,0,0,0,0,0,0,0,0,0,0,0,0,0,0,0,0,0,0,0,0,0,0,0,0,0,0,0,0,0,0,0,0,0,0,0,0,0,0,0,0,0,0,0,0,0,0,0,0,0,0,0,0,0,0,0,0,0,0,0,0,0,0,0,0,0,0,0,0,0,0,0,0,0,0,0,0,0,0,0,0,0,0,0,0,0
2020-02-01,2101,1,3,3,0,0,3,0,1,0,0,0,0,0,0,0,0,0,0,0,5,0,0,0,0,0,0,0,0,1,1,0,0,0,0,0,0,0,0,0,0,0,0,0,0,0,0,0,0,0,0,0,0,0,0,0,0,0,0,0,0,0,0,0,0,0,0,0,0,0,0,0,0,0,0,0,0,0,0,0,0,0,1,0,2,0,2,0,0,0,0,0,0,2,0,1,0,0,0,0,0,0,0,0,0,0,0,0,0,0,0,0,0,0,0,0,0,0,0,0,0,0,0,0,0,0,0,0,0,0,0,0,0,0,0,0,0,0,0,0,0,0,0,0,0,0,0,0,0,0,0,0,0,0,0,0,0,0,0,0,0,0,0,0,0,0,0,0,0,0,0,0,0,0,0,0,0,0,0,0,0,0,0,0,0,0,0,0,0,0,0,0,0,0,0,0,0,0,0,0,0,0,0,0,0,0,0,0,0,0
2020-02-02,2590,3,0,3,0,1,2,0,1,0,0,0,0,0,0,0,0,0,0,0,0,1,0,0,0,0,0,0,0,1,0,0,0,0,0,0,0,0,0,0,0,0,0,0,,0,0,0,0,0,0,0,0,0,0,0,0,0,0,0,0,0,0,0,0,0,0,0,0,0,0,0,0,0,0,0,0,0,0,0,0,0,0,0,1,0,0,0,0,0,0,0,0,0,0,0,0,0,0,0,0,0,0,0,0,0,0,0,0,0,0,0,0,0,0,0,0,0,0,0,0,0,0,0,0,0,0,0,0,0,0,0,0,0,0,0,0,0,0,0,0,0,0,0,0,0,0,1,0,0,0,0,0,0,0,0,0,0,0,0,0,0,0,0,0,0,0,0,0,0,0,0,0,0,0,0,0,0,0,0,0,0,0,0,0,0,0,0,0,0,0,0,0,0,0,0,0,0,0,0,0,0,0,0,0,0,0,0,0,0
2020-02-03,2827,0,0,0,0,0,0,0,1,0,0,0,0,0,0,0,0,0,0,0,0,1,0,0,0,0,0,0,0,3,0,0,0,0,0,0,0,0,0,0,0,0,0,0,0,0,0,0,0,0,0,0,0,0,0,0,0,0,0,0,0,0,0,0,0,0,0,0,0,0,0,0,0,0,0,0,0,0,0,0,0,0,0,0,2,0,0,0,0,0,0,0,0,0,0,0,0,0,0,0,0,0,0,0,0,0,0,0,0,0,0,0,0,0,0,0,0,0,0,0,0,0,0,0,0,0,0,0,0,0,0,0,0,0,0,0,0,0,0,0,0,0,0,0,0,0,0,0,0,0,0,0,0,0,0,0,0,0,0,0,0,0,0,0,0,0,0,0,0,0,0,0,0,0,0,0,0,0,0,0,0,0,0,0,0,0,0,0,0,0,0,0,0,0,0,0,0,0,0,0,0,0,0,0,0,0,0,0,0,0
2020-02-04,3233,1,0,0,2,0,0,0,1,0,0,0,0,0,0,0,0,0,0,0,0,0,0,0,0,0,0,0,0,0,0,0,0,0,0,0,0,0,0,0,0,0,0,0,0,0,0,0,0,0,0,0,0,0,0,0,0,0,0,0,0,0,0,0,0,0,0,0,0,0,0,0,0,0,0,0,0,0,0,0,0,0,0,0,2,0,0,0,0,0,0,0,0,0,0,0,0,0,0,0,0,0,0,0,0,0,0,0,0,0,0,0,0,0,0,0,0,0,0,0,0,0,0,0,0,0,0,0,0,0,0,0,0,0,0,0,0,0,0,0,0,0,0,0,0,0,0,0,0,0,0,0,0,0,0,0,0,0,0,0,0,0,0,0,0,0,0,0,0,0,0,0,0,0,0,0,0,0,0,0,0,0,0,0,0,0,0,0,0,0,0,0,0,0,0,0,0,0,0,0,0,0,0,0,0,0,0,0,0,0
2020-02-05,3892,2,1,13,0,1,6,0,1,0,0,0,0,0,0,0,0,0,0,0,6,0,0,0,0,0,0,0,0,0,1,0,0,0,0,,0,0,0,0,0,0,0,0,0,0,0,0,0,0,0,0,0,0,0,0,0,0,0,0,0,0,0,0,0,0,0,0,0,0,0,0,0,0,0,0,0,0,0,0,0,0,0,0,0,0,0,0,1,0,0,0,0,0,0,0,0,0,0,0,0,0,0,0,0,0,0,0,0,0,0,0,0,0,0,0,0,0,0,0,0,0,0,0,0,0,0,0,0,0,0,0,0,0,0,0,0,0,0,0,0,0,0,0,0,0,0,0,0,0,0,0,0,0,0,0,0,0,0,0,0,0,0,0,0,0,0,0,0,0,0,0,0,0,0,0,0,0,0,0,0,0,0,0,0,0,0,0,0,0,0,0,0,0,0,0,0,0,0,0,0,0,0,0,0,0,0,0,0,0
2020-02-06,3697,5,1,-8,2,0,4,0,0,0,0,0,0,0,0,0,0,0,0,0,0,0,0,0,0,0,0,0,0,1,0,0,0,0,0,0,0,0,0,0,0,0,0,0,0,0,0,0,0,0,0,0,0,0,0,0,0,0,0,0,0,0,0,0,0,0,0,0,0,0,0,0,0,0,0,0,0,0,0,0,0,0,0,0,0,0,0,0,0,0,0,0,0,0,0,0,0,0,0,0,0,0,0,0,0,0,0,0,0,0,0,0,0,0,0,0,0,0,0,0,0,0,0,0,0,0,0,0,0,0,0,0,0,0,0,0,0,0,0,0,0,0,0,0,0,0,0,0,0,0,0,0,0,0,0,0,0,0,0,0,0,0,0,0,0,0,0,0,0,0,0,0,0,0,0,0,0,0,0,0,0,0,0,0,0,0,0,0,0,0,0,0,0,0,0,0,0,0,0,0,0,0,0,0,0,0,0,0,0,0
2020-02-07,3151,1,1,0,2,0,2,0,2,0,0,0,0,0,0,0,0,0,0,0,0,0,0,0,0,0,0,0,0,0,2,0,0,0,0,0,0,0,0,0,0,0,0,0,0,0,0,0,0,0,0,0,0,0,0,0,0,0,0,0,0,0,0,0,0,0,0,0,0,0,0,0,0,0,0,0,0,0,0,0,0,0,0,1,1,0,1,0,0,0,0,0,0,0,0,0,0,0,0,0,0,0,0,0,0,0,0,0,0,0,0,0,0,0,0,0,0,0,0,0,0,0,0,0,0,0,0,0,0,0,0,0,0,0,0,0,0,0,0,0,0,0,0,0,0,0,0,0,0,0,0,0,0,0,0,0,0,0,0,0,0,0,0,0,0,0,0,0,0,0,0,0,0,0,0,0,0,0,0,0,0,0,0,0,0,0,0,0,0,0,0,0,0,0,0,0,0,0,0,0,0,0,0,0,0,0,0,0,0,0
2020-02-08,3387,0,0,0,1,0,3,0,1,0,0,0,0,0,0,0,0,0,0,0,7,0,0,0,0,0,0,0,0,0,0,0,0,0,0,0,0,0,0,0,0,0,0,0,0,0,0,0,0,0,0,0,0,0,0,0,0,0,0,0,0,0,0,0,0,0,0,0,0,0,0,0,0,0,0,0,0,0,0,0,0,0,0,0,1,0,0,0,0,0,0,0,0,0,0,0,0,0,0,0,0,0,0,0,0,0,0,0,0,0,0,0,0,0,0,0,0,0,0,0,0,0,0,0,0,0,0,0,0,0,0,0,0,0,0,0,0,0,0,0,0,0,0,0,0,0,0,2,0,0,0,0,0,0,0,0,0,0,0,0,0,0,0,0,0,0,0,0,0,0,0,0,0,0,0,0,0,0,0,0,0,0,0,0,0,0,0,0,0,0,0,0,0,0,0,0,0,0,0,0,0,0,0,0,0,0,0,0,0,0
2020-02-09,2653,3,0,1,2,0,7,0,1,0,0,0,0,0,0,0,0,0,0,0,0,0,0,0,0,0,0,0,0,0,0,0,0,0,0,0,0,0,0,0,0,0,0,0,0,0,0,0,0,0,0,0,0,0,0,0,0,0,0,0,0,0,0,0,0,0,0,0,0,0,0,0,0,0,0,0,0,0,0,0,0,0,0,0,0,5,0,0,0,0,0,0,0,0,0,0,0,0,0,0,0,0,0,0,0,0,0,0,0,0,0,0,0,0,0,0,0,0,0,0,0,0,0,0,0,0,0,0,0,0,0,0,0,0,0,0,0,0,0,0,0,0,0,0,0,0,0,0,0,0,0,0,0,0,0,0,0,0,0,0,0,0,0,0,0,0,0,0,0,0,0,0,0,0,0,0,0,0,0,0,0,0,0,0,0,0,0,0,0,0,0,0,0,0,0,0,0,0,0,0,0,0,0,0,0,0,0,0,0,0
2020-02-10,2984,0,0,0,1,0,3,0,0,0,0,0,0,0,0,0,0,0,0,0,0,0,0,0,0,0,0,0,0,0,0,0,0,0,0,0,0,0,0,0,0,0,0,0,0,0,0,0,0,0,0,0,0,0,0,0,0,0,0,0,0,0,0,0,0,0,0,0,0,0,0,0,0,0,0,0,0,0,0,0,0,0,1,0,0,0,1,0,0,0,0,0,0,0,0,0,0,0,0,0,0,0,0,0,0,0,0,0,0,0,0,0,0,0,0,0,0,0,0,0,0,0,0,0,0,0,0,0,0,0,0,0,0,0,0,0,0,0,0,0,0,0,0,0,0,0,0,0,0,0,0,0,0,0,0,0,0,0,0,0,0,0,0,0,0,0,0,0,0,0,0,0,0,0,0,0,0,0,0,0,0,0,0,0,0,0,0,0,0,0,0,0,0,0,0,0,0,0,0,0,0,0,0,0,0,0,0,0,0,0
2020-02-11,2473,1,0,0,0,0,2,0,1,0,0,0,0,0,0,0,0,0,0,0,1,0,0,0,0,0,0,0,0,1,0,0,0,0,0,0,0,0,0,0,0,0,0,0,0,0,0,0,0,0,0,0,0,0,0,0,0,0,0,0,0,0,0,0,0,0,0,0,0,0,0,0,0,0,0,0,0,0,0,0,0,0,0,0,0,0,4,0,0,0,0,0,0,0,0,0,0,0,0,0,0,0,0,0,0,0,0,0,0,0,0,0,0,0,0,0,0,0,0,0,0,0,0,0,0,0,0,0,0,0,0,0,0,0,0,0,0,0,0,0,0,0,0,0,0,0,0,1,0,0,0,0,0,0,0,0,0,0,0,0,0,0,0,0,0,0,0,0,0,0,0,0,0,0,0,0,0,0,0,0,0,0,0,0,0,0,0,0,0,0,0,0,0,0,0,0,0,0,0,0,0,0,0,0,0,0,0,0,0,0
2020-02-12,2022,0,0,2,0,0,2,0,0,0,0,0,0,0,0,0,0,0,0,0,0,0,0,0,0,0,0,0,0,0,0,0,0,0,0,0,0,0,0,0,0,0,0,0,0,0,0,0,0,0,0,0,0,0,0,0,0,0,0,0,0,0,0,0,0,0,0,0,0,0,0,0,0,0,0,0,0,0,0,0,0,0,0,0,2,0,0,0,0,0,0,0,0,0,0,0,0,0,0,0,0,0,0,0,0,0,0,0,0,0,0,0,0,0,0,0,0,0,0,0,0,0,0,0,0,0,0,0,0,0,0,0,0,0,0,0,0,0,0,0,0,0,0,0,0,0,0,0,0,0,0,0,0,0,0,0,0,0,0,0,0,0,0,0,0,0,0,0,0,0,0,0,0,0,0,0,0,0,0,0,0,0,0,0,0,0,0,0,0,0,0,0,0,0,0,0,0,0,0,0,0,0,0,0,0,0,0,0,0,0
2020-02-13,1820,0,0,1,0,0,3,0,1,0,0,0,0,0,0,0,0,0,0,0,0,0,0,0,0,0,0,0,0,1,0,0,0,0,0,0,0,0,0,0,0,0,0,0,0,0,0,0,0,0,0,0,0,0,0,0,0,0,0,0,0,0,0,0,0,0,0,0,0,0,0,0,0,0,0,0,0,0,0,0,0,0,0,0,0,0,1,0,0,0,0,0,0,0,0,0,0,0,0,0,0,0,0,0,0,0,0,0,0,0,0,0,0,0,0,0,0,0,0,0,0,0,0,0,0,0,0,0,0,0,0,0,0,0,0,0,0,0,0,0,0,0,0,0,0,0,0,0,0,0,0,0,0,0,0,0,0,0,0,0,0,0,0,0,0,0,0,0,0,0,0,0,0,0,0,0,0,0,0,0,0,0,0,0,0,0,0,0,0,0,0,0,0,0,0,0,0,0,0,0,0,0,0,0,0,0,0,0,0,0
2020-02-14,1998,0,0,4,1,0,8,0,0,0,0,0,0,0,0,0,0,0,0,0,0,0,0,0,0,0,0,0,0,1,0,0,0,0,0,0,0,0,0,0,0,0,0,0,0,0,0,0,0,0,0,0,0,0,0,0,0,0,0,0,0,0,0,0,0,0,0,0,0,0,0,0,0,0,0,0,0,0,0,0,0,0,0,0,0,0,0,0,0,0,0,0,0,0,0,0,0,0,0,0,0,0,0,0,0,0,0,0,0,0,0,0,0,0,0,0,0,0,0,0,0,0,0,0,0,0,0,0,0,0,0,0,0,0,0,0,0,0,0,0,0,0,0,0,0,0,0,0,0,0,0,0,0,0,0,0,0,0,0,0,0,0,0,0,0,0,0,0,0,0,0,0,0,0,0,0,0,0,0,0,0,0,0,0,0,0,0,0,0,0,0,0,0,0,0,0,0,0,0,0,0,0,0,0,0,0,0,0,0,0
2020-02-15,1506,0,0,8,2,0,9,0,0,0,0,0,0,0,0,0,0,0,0,0,1,0,0,0,0,0,0,0,0,0,0,0,0,0,0,0,0,0,0,0,0,0,0,0,0,0,0,0,0,0,0,0,0,0,0,0,0,0,0,0,0,0,0,0,0,0,0,0,0,0,0,0,0,0,0,0,0,0,0,0,0,0,0,0,0,0,0,0,0,0,0,0,0,0,0,0,0,0,0,0,0,0,0,0,0,0,0,0,0,0,0,0,0,0,0,0,0,0,0,0,0,0,0,0,0,0,0,0,0,0,0,0,0,0,0,0,0,0,0,0,0,0,0,0,0,1,0,0,0,0,0,0,0,0,0,0,0,0,0,0,0,0,0,0,0,0,0,0,0,0,0,0,0,0,0,0,0,0,0,0,0,0,0,0,0,0,0,0,0,0,0,0,0,0,0,0,0,0,0,0,0,0,0,0,0,0,0,0,0,0
2020-02-16,1120,1,0,12,1,0,5,0,0,0,0,0,0,0,0,0,0,0,0,0,0,0,0,0,0,0,0,0,0,0,0,0,0,0,0,0,0,0,0,0,0,0,0,0,0,0,0,0,0,0,0,0,0,0,0,0,0,0,0,0,0,0,0,0,0,0,0,0,0,0,0,0,0,0,0,0,0,0,0,0,0,0,0,0,0,1,0,0,0,0,0,0,0,0,0,0,0,0,0,0,0,0,0,0,0,0,0,0,0,0,0,0,0,0,0,0,0,0,0,0,0,0,0,0,0,0,0,0,0,0,0,0,0,0,0,0,0,0,0,0,0,0,0,0,0,0,0,0,0,0,0,0,0,0,0,0,0,0,0,0,0,0,0,0,0,0,0,0,0,0,0,0,0,0,0,0,0,0,0,0,0,0,0,0,0,0,0,0,0,0,0,0,0,0,0,0,0,0,0,0,0,0,0,0,0,0,0,0,0,0
2020-02-17,19461,1,0,6,0,0,3,0,0,0,0,0,0,0,0,0,0,0,0,0,1,0,0,0,0,0,0,0,0,0,0,0,0,0,0,0,0,0,0,0,0,0,0,0,0,0,0,0,0,0,0,0,0,0,0,0,0,0,0,0,0,0,0,0,0,0,0,0,0,0,0,0,0,0,0,0,0,0,0,0,0,0,0,0,0,0,0,0,0,0,0,0,0,0,0,0,0,0,0,0,0,0,0,0,0,0,0,0,0,0,0,0,0,0,0,0,0,0,0,0,0,0,0,0,0,0,0,0,0,0,0,0,0,0,0,0,0,0,0,0,0,0,0,0,0,0,0,1,0,0,0,0,0,0,0,0,0,0,0,0,0,0,0,0,0,0,0,0,0,0,0,0,0,0,0,0,0,0,0,0,0,0,0,0,0,0,0,0,0,0,0,0,0,0,0,0,0,0,0,0,0,0,0,0,0,0,0,0,0,0
2020-02-18,1893,1,0,6,0,0,2,0,0,0,0,0,0,0,0,0,0,0,0,0,0,0,0,0,0,0,0,0,0,0,1,0,0,0,0,0,0,0,0,0,0,0,0,0,0,0,0,0,0,0,0,0,0,0,0,0,0,0,0,0,0,0,0,0,0,0,0,0,0,0,0,0,0,0,0,0,0,0,0,0,0,0,0,0,0,0,0,0,0,0,0,0,0,0,0,0,0,0,0,0,0,0,0,0,0,0,0,0,0,0,0,0,0,0,0,0,0,0,0,0,0,0,0,0,0,0,0,0,0,0,0,0,0,0,0,0,0,0,0,0,0,0,0,0,0,0,0,0,0,0,0,0,0,0,0,0,0,0,0,0,0,0,0,0,0,0,0,0,0,0,0,0,0,0,0,0,0,0,0,0,0,0,0,0,0,0,0,0,0,0,0,0,0,0,0,0,0,0,0,0,0,0,0,0,0,0,0,0,0,0
2020-02-19,1752,20,0,8,0,0,4,0,0,0,0,0,0,0,0,0,0,0,0,0,0,0,0,0,0,0,0,0,0,0,0,0,0,0,0,0,0,0,0,0,0,0,0,0,0,0,0,0,0,0,0,0,0,0,0,0,0,0,0,0,0,0,0,0,0,0,0,0,0,0,0,0,0,0,0,0,0,0,0,0,0,0,0,0,0,0,0,0,0,0,0,0,0,0,0,0,0,0,0,0,0,0,0,0,0,0,0,0,0,0,0,0,0,0,0,0,0,0,0,0,0,0,0,0,0,0,0,0,0,0,0,0,0,0,0,0,0,0,0,0,0,0,0,0,0,0,0,0,0,0,0,0,0,0,0,0,0,0,0,0,0,0,0,0,0,0,0,0,0,0,0,0,0,0,0,0,0,0,0,0,0,0,0,0,0,0,0,0,0,0,0,0,0,0,0,0,0,0,0,0,0,0,0,0,0,0,0,0,0,0
2020-02-20,395,53,0,12,0,0,3,0,0,0,0,0,0,0,0,0,0,0,0,0,0,0,0,0,0,0,0,0,0,0,0,0,0,0,0,0,0,0,0,0,0,0,0,0,0,0,0,0,0,0,0,0,0,0,0,0,0,0,0,0,0,0,0,0,0,0,0,0,0,0,0,0,0,0,0,0,0,0,0,0,0,0,0,0,0,0,0,0,0,0,0,0,0,0,0,0,0,0,0,0,0,0,0,0,0,0,0,0,0,0,0,0,0,0,0,0,0,0,0,0,0,0,0,0,0,0,0,0,0,0,0,0,0,0,0,0,0,0,0,0,0,2,0,0,0,0,0,0,0,0,0,0,0,0,0,0,0,0,0,0,0,0,0,0,0,0,0,0,0,0,0,0,0,0,0,0,0,0,0,0,0,0,0,0,0,0,0,0,0,0,0,0,0,0,0,0,0,0,0,0,0,0,0,0,0,0,0,0,0,0
2020-02-21,894,100,2,8,0,0,1,0,0,0,0,0,0,0,0,0,0,0,0,0,0,0,0,0,0,0,0,0,0,0,0,0,0,0,0,0,0,0,0,0,0,0,0,0,0,0,0,0,0,0,0,0,0,0,0,0,0,0,0,0,0,0,0,0,0,0,0,0,0,0,0,0,0,0,0,0,0,0,0,0,0,0,0,0,0,0,0,0,0,0,0,0,0,0,0,0,0,0,0,0,0,0,0,0,0,0,0,0,0,0,0,0,0,0,0,0,0,0,0,0,0,0,0,0,0,0,0,0,0,0,0,0,0,0,0,0,0,0,0,0,0,3,0,0,0,0,0,0,0,0,0,0,0,,0,0,0,0,0,0,0,0,0,0,0,0,0,0,0,0,0,0,0,0,0,0,0,0,0,0,0,0,0,0,0,0,0,0,0,0,0,0,0,0,0,0,0,0,0,0,0,0,0,0,0,0,0,0,0,0
2020-02-22,823,142,4,12,0,0,1,0,0,0,0,0,0,0,0,0,0,0,0,0,0,0,0,0,0,0,0,0,0,20,0,0,0,0,0,0,0,0,0,0,0,0,0,0,0,0,0,0,0,0,0,0,0,0,0,0,0,0,0,0,0,0,0,0,0,0,0,0,0,0,0,0,0,0,0,0,0,0,0,0,0,0,0,6,0,0,0,0,0,0,0,0,0,0,1,0,0,0,0,0,0,0,0,0,0,0,0,0,0,0,0,0,0,0,0,0,0,0,0,0,0,0,0,0,0,0,0,0,0,0,0,0,0,0,0,0,0,0,0,0,0,13,0,0,0,0,0,2,0,0,1,0,0,0,0,0,0,0,0,0,0,0,0,0,0,0,0,0,0,0,0,0,0,0,0,0,0,0,0,0,0,0,0,0,0,0,0,0,0,0,0,0,0,0,0,0,0,0,0,0,0,0,0,0,0,0,0,0,0,0
2020-02-23,650,256,1,27,0,0,3,0,0,0,0,0,0,0,0,0,0,0,0,0,0,0,0,0,0,0,0,0,0,0,1,0,0,0,0,0,0,0,0,0,0,0,0,0,0,0,0,0,0,0,0,0,0,0,0,0,0,0,0,0,0,0,0,0,0,0,0,0,0,0,0,0,0,0,0,0,0,0,0,0,0,0,0,67,0,0,0,0,0,0,0,0,0,0,0,0,0,0,0,0,0,0,0,0,0,0,0,0,0,0,0,0,0,0,0,0,0,0,0,0,0,0,0,0,0,0,0,0,0,0,0,0,0,0,0,0,0,0,0,0,0,10,0,0,0,0,0,2,0,0,0,0,0,0,0,0,0,0,0,0,0,0,0,0,0,0,0,0,0,0,0,0,0,0,0,0,0,0,0,0,0,0,0,0,0,0,0,0,0,0,0,0,0,0,0,0,0,0,0,0,0,0,0,0,0,0,0,0,0,0
2020-02-24,220,161,0,12,0,0,0,0,0,0,0,0,0,0,0,0,0,0,0,0,0,0,0,0,0,0,0,0,0,0,0,0,0,0,0,0,0,0,0,0,0,0,0,0,0,0,0,0,0,0,0,0,0,0,0,0,0,0,0,0,0,0,0,0,0,0,0,0,0,0,0,0,0,0,0,0,0,0,0,0,0,0,0,48,0,0,0,0,0,0,0,0,0,0,0,0,0,0,0,0,0,0,0,0,0,0,0,0,0,0,0,0,0,0,0,0,0,0,0,0,0,0,0,0,0,0,0,0,0,0,0,0,0,0,0,0,0,0,0,0,0,15,0,0,0,0,0,0,0,0,0,0,0,3,0,0,0,0,0,0,0,0,0,0,0,0,0,0,0,0,0,0,0,0,0,0,0,0,0,0,0,0,0,0,0,0,0,0,0,0,0,0,0,0,0,0,0,0,0,0,0,0,0,0,0,0,0,0,0,0
2020-02-25,518,214,0,13,0,0,1,0,0,0,0,0,0,0,0,0,0,0,0,0,2,0,0,0,0,0,0,0,0,18,1,0,0,0,0,0,0,0,0,0,0,0,0,0,0,0,0,0,0,0,0,0,0,0,0,0,0,0,0,0,0,0,0,0,0,0,0,0,0,0,0,0,0,0,0,0,0,0,0,0,0,0,0,105,0,0,4,0,0,0,0,0,0,0,1,0,0,0,0,0,0,0,0,0,0,0,0,0,0,0,0,0,0,0,0,0,0,0,0,0,0,0,0,0,0,0,0,0,0,0,0,0,0,0,0,0,0,0,0,0,0,18,0,0,0,0,1,0,0,8,0,0,0,5,2,1,0,0,0,0,0,0,0,0,0,0,0,0,0,0,0,0,0,0,0,0,0,0,0,0,0,0,0,0,0,0,0,0,0,0,0,0,0,0,0,0,0,0,0,0,0,0,0,0,0,0,0,0,0,0
2020-02-26,411,284,1,7,0,,1,0,0,0,0,0,0,0,0,0,0,0,0,0,3,0,0,0,0,0,0,0,0,0,0,0,0,0,0,0,0,0,0,0,0,0,0,0,0,0,0,0,0,0,0,0,0,0,0,0,0,0,0,0,0,0,0,0,0,0,0,0,0,0,0,0,0,0,0,0,0,0,0,0,0,0,0,93,2,0,0,0,0,1,0,0,2,0,0,0,0,0,0,0,0,0,0,0,0,0,0,0,2,0,0,0,0,0,0,0,0,0,0,0,0,0,0,0,0,0,0,0,0,0,0,0,0,0,0,0,0,0,0,0,0,34,0,0,0,0,4,0,0,18,0,0,0,4,2,0,0,0,0,0,0,0,0,0,1,0,0,0,0,0,0,0,0,0,0,0,0,0,0,0,0,0,0,0,0,0,0,0,0,0,0,0,0,0,0,0,0,0,0,0,0,0,0,0,0,0,0,0,0,0
2020-02-27,439,505,0,22,0,0,2,0,0,0,0,0,0,0,0,0,0,0,0,0,0,0,0,0,0,0,0,0,0,6,1,1,0,0,0,0,0,0,0,0,0,0,0,0,0,0,0,0,0,0,0,0,0,0,0,0,0,0,0,0,0,0,0,0,0,0,0,0,0,0,0,0,0,0,0,0,0,0,0,0,0,0,10,78,3,6,0,0,0,0,0,0,0,0,0,1,0,1,1,0,0,1,0,0,1,0,1,0,1,0,1,0,0,0,0,0,0,0,0,0,1,0,0,0,0,0,0,0,0,0,0,1,0,0,0,0,0,0,0,0,0,46,2,0,0,0,1,0,0,7,1,0,0,31,0,0,0,0,0,0,0,0,0,0,0,0,0,0,0,0,0,0,0,0,0,0,0,0,0,0,0,0,0,0,0,0,0,0,0,0,0,0,0,0,0,0,0,0,0,0,0,0,0,0,0,0,0,0,0,0
2020-02-28,331,571,0,24,2,0,3,1,0,0,0,0,0,0,0,0,0,0,0,0,0,0,0,0,0,0,0,0,0,0,0,0,0,0,0,0,0,0,0,0,0,0,0,0,0,0,0,0,0,0,0,0,0,0,0,0,0,0,0,0,0,0,0,0,0,0,0,0,0,0,0,0,0,0,0,0,0,0,0,0,0,0,13,250,5,20,3,0,0,5,1,0,2,0,1,5,0,3,0,0,0,0,0,0,0,0,2,0,0,0,0,0,0,1,1,0,0,0,0,0,0,0,0,0,0,0,0,0,0,0,0,0,0,0,0,0,0,0,0,0,0,104,0,0,0,0,1,6,0,0,0,0,0,0,2,0,0,0,0,0,0,0,0,0,0,0,0,0,0,0,1,0,0,0,0,0,0,0,0,0,0,0,0,0,0,0,0,0,0,0,0,0,0,0,0,0,0,0,0,0,0,0,0,0,0,0,0,0,0,0
2020-02-29,433,813,1,20,0,0,2,0,0,0,0,0,0,0,0,0,0,0,0,0,2,0,0,0,0,0,0,0,0,3,3,0,0,0,2,0,0,0,0,0,0,0,0,0,0,0,0,0,0,0,0,0,0,0,0,0,0,0,0,0,0,0,0,0,0,0,0,0,0,0,0,0,0,0,0,0,0,0,0,0,0,0,7,238,31,19,4,0,0,4,1,0,1,0,2,5,0,2,1,0,0,2,0,0,0,0,0,0,2,0,0,0,0,0,0,0,0,0,0,0,,0,0,0,0,0,0,1,0,0,0,1,0,0,0,0,0,0,0,0,0,143,0,0,0,0,1,0,0,5,0,0,0,2,0,0,0,0,0,0,0,0,0,0,0,0,0,0,0,0,0,0,0,0,0,0,0,0,0,0,0,0,0,0,0,0,0,0,0,0,0,0,0,0,0,0,0,0,0,0,0,0,0,0,0,0,0,0,0,0
2020-03-01,574,586,1,9,0,0,4,0,0,0,0,0,0,0,0,0,0,0,0,0,0,0,0,0,0,0,0,0,0,0,5,1,0,1,0,0,0,0,0,0,0,0,0,0,0,0,0,0,0,0,0,0,0,0,0,0,0,0,0,0,0,0,0,0,0,0,0,0,0,0,0,0,0,0,0,0,0,0,0,0,0,0,13,240,0,43,3,0,0,8,5,0,5,0,2,1,1,9,1,0,0,0,0,0,0,0,0,0,2,0,0,0,0,0,0,0,3,0,0,0,0,0,0,0,0,0,0,0,0,0,0,1,0,1,0,0,0,0,0,0,0,205,2,0,1,0,5,0,0,2,0,0,0,0,0,0,0,0,0,0,0,0,0,0,0,0,0,0,0,0,0,0,0,0,0,0,0,0,0,0,0,0,0,0,0,0,0,0,0,0,0,0,0,0,0,0,0,0,0,0,0,0,0,0,0,0,0,0,0,0
2020-03-02,206,476,2,15,0,0,4,0,0,0,0,0,0,0,0,0,0,0,0,2,0,0,0,0,0,0,0,0,0,0,0,0,0,0,3,1,0,0,0,0,0,0,0,0,0,0,0,0,0,0,0,0,0,0,0,0,0,0,0,0,0,0,0,0,0,0,0,0,0,0,0,0,0,0,0,0,0,0,0,0,0,0,0,561,72,0,13,0,0,6,6,0,0,0,0,1,0,4,1,0,3,0,1,0,4,0,4,2,0,0,0,0,0,0,0,1,0,0,0,0,0,0,0,0,0,0,0,0,0,0,0,0,0,0,0,0,0,0,0,0,0,385,0,0,2,1,6,2,0,7,8,0,0,11,0,0,0,0,0,0,0,0,0,0,0,0,0,0,0,0,0,0,0,0,0,0,0,0,0,0,0,0,0,0,0,0,0,0,0,0,0,0,0,0,0,0,0,0,0,0,0,0,0,0,0,0,0,0,0,0
2020-03-03,130,600,6,14,5,0,2,1,0,0,0,0,0,0,0,0,0,0,0,0,1,2,0,0,0,0,0,0,0,2,8,0,0,5,0,0,0,0,0,0,0,0,0,0,0,0,0,0,0,0,0,0,0,0,0,0,0,0,0,0,0,0,0,0,0,0,0,0,0,0,0,0,0,0,0,0,0,0,0,0,0,0,69,347,28,91,3,0,7,6,5,2,8,1,3,1,0,6,1,0,0,0,0,0,1,0,0,7,2,0,0,0,0,0,0,0,0,0,0,0,0,0,0,1,1,0,0,7,0,0,0,0,0,0,0,0,0,0,0,0,0,523,1,1,4,0,7,0,1,2,3,1,1,0,0,0,0,0,0,0,0,0,0,0,4,0,0,1,0,0,0,0,0,0,0,0,0,0,0,0,0,0,0,0,0,0,0,0,0,0,0,0,0,0,0,0,0,0,0,0,0,0,0,0,0,0,0,0,0,0
2020-03-04,118,516,10,16,21,0,2,0,0,0,0,0,0,0,0,0,0,0,0,0,0,1,0,0,0,0,0,0,0,44,3,0,1,1,0,0,0,0,1,0,0,0,0,0,0,0,0,0,0,0,0,0,0,0,0,0,0,0,0,0,0,0,0,0,0,0,0,0,0,0,0,0,0,0,0,0,0,0,0,0,0,0,37,466,39,21,12,0,0,7,10,0,6,0,2,9,1,7,3,1,2,1,0,0,0,1,0,7,0,0,1,0,0,0,0,0,0,0,0,0,0,0,0,0,0,0,0,0,0,0,0,0,0,0,0,0,0,0,0,0,0,835,0,0,1,0,5,6,0,0,0,0,0,0,6,0,0,0,0,0,0,0,0,0,0,0,0,0,0,0,0,0,0,0,0,0,0,0,0,0,0,0,0,0,0,0,0,0,0,0,0,0,0,0,0,0,0,0,0,0,0,0,0,0,0,0,0,0,0,0
2020-03-05,143,438,23,33,0,0,0,0,0,0,0,0,0,0,0,0,0,0,0,0,4,23,0,0,0,0,0,0,0,21,0,1,0,0,0,0,0,0,0,0,0,0,0,0,0,0,0,0,0,0,0,0,0,0,0,0,0,0,0,0,0,0,0,0,0,0,0,0,0,0,0,0,2,0,1,0,0,0,0,0,0,0,47,587,66,70,38,0,15,19,10,5,13,0,3,11,0,24,2,0,0,0,0,0,0,0,2,10,0,0,0,2,1,5,0,0,0,2,0,0,0,0,0,0,0,0,0,8,0,0,0,0,1,0,0,0,0,0,0,1,0,586,0,1,0,0,5,0,1,0,0,0,0,2,3,0,0,0,0,0,0,0,4,0,7,0,0,3,0,0,0,0,0,0,0,0,0,0,0,0,0,0,0,0,0,0,0,0,0,0,0,0,0,0,0,0,0,0,0,0,0,0,0,0,0,0,0,0,0,0
2020-03-06,146,518,-9,32,5,2,7,2,0,0,0,0,0,0,0,0,0,0,0,0,0,1,0,0,0,1,0,0,0,19,15,4,0,6,0,0,0,0,0,0,0,0,0,0,0,0,0,0,0,0,0,0,0,0,0,0,0,0,0,0,0,0,0,0,0,0,0,0,0,0,0,0,0,0,0,0,0,0,0,0,0,0,59,769,272,138,29,0,27,30,44,2,10,1,0,26,12,30,8,0,7,2,0,1,5,0,23,0,1,0,1,0,5,0,0,0,0,0,0,0,0,0,0,0,0,0,0,5,0,0,0,6,0,0,0,0,0,0,0,0,0,591,0,6,0,1,0,0,0,0,3,0,0,0,1,0,0,0,0,0,0,0,3,1,0,0,0,0,0,1,0,0,0,0,0,0,0,0,0,0,0,0,0,0,0,0,0,0,0,0,0,0,0,0,0,0,0,0,0,0,0,0,0,0,0,0,0,0,0,0
2020-03-07,102,483,5,59,28,0,13,1,1,0,0,0,0,0,0,0,0,0,0,0,1,1,0,0,0,0,0,0,0,65,6,6,4,1,0,0,0,1,1,1,0,0,0,0,0,0,0,0,0,0,0,0,0,0,0,0,0,0,0,0,0,0,0,0,0,0,0,0,0,0,0,0,0,0,0,0,0,0,0,0,0,0,117,778,105,193,49,0,59,123,46,4,19,3,4,76,4,27,5,4,0,1,1,0,7,0,0,19,1,0,7,3,3,0,0,0,6,0,0,1,2,0,0,0,0,0,0,3,0,0,0,0,0,0,1,0,0,0,0,0,0,1234,0,0,3,0,8,18,0,0,6,0,0,0,0,0,0,0,0,0,0,0,9,0,5,0,0,0,0,1,0,0,0,0,0,0,0,1,0,0,0,0,0,0,0,0,0,0,0,0,0,0,0,0,0,0,0,0,0,0,0,0,0,0,0,0,0,0,0,0
2020-03-08,46,367,12,47,10,1,8,0,4,0,1,0,0,0,0,0,0,0,0,2,2,3,0,2,0,0,0,0,0,0,6,6,0,0,2,0,0,5,7,0,5,0,0,0,0,0,0,0,0,0,0,0,0,0,0,0,0,0,0,0,0,0,0,0,2,0,0,5,0,0,0,0,0,0,0,0,0,0,0,0,0,0,56,1247,156,93,43,0,60,55,60,8,38,0,6,24,1,34,8,1,14,6,0,0,0,0,34,0,0,1,0,2,3,0,0,0,0,0,0,2,0,2,0,0,0,0,0,3,3,0,0,3,0,0,0,1,0,0,0,0,0,1076,0,-1,1,45,10,0,0,7,6,0,0,4,0,3,0,0,0,0,0,0,0,1,0,0,0,0,0,0,0,0,0,0,0,0,0,0,0,0,0,0,0,0,0,0,0,0,0,0,0,0,0,0,0,0,0,0,0,0,0,0,0,0,0,0,0,0,0,0
2020-03-09,45,248,3,33,0,4,12,0,9,0,0,0,0,0,0,0,0,0,0,2,0,9,0,2,3,0,0,0,0,0,5,6,5,1,0,0,0,0,3,0,4,0,0,0,0,0,0,1,0,0,0,0,0,0,0,0,0,0,0,0,0,0,0,0,0,0,0,0,0,0,0,0,0,0,0,0,0,0,0,0,0,0,159,1492,317,410,67,0,31,68,77,9,8,0,14,42,2,22,5,5,6,2,0,0,11,0,7,10,0,0,0,2,4,0,0,0,0,0,0,2,0,2,0,0,2,0,2,10,0,0,0,1,0,0,0,2,0,0,0,0,0,743,1,8,3,7,6,0,0,23,4,1,0,2,0,0,0,0,0,0,0,0,3,1,3,0,0,0,0,0,1,0,0,0,0,0,0,0,0,0,0,0,0,0,0,0,0,0,0,0,0,0,0,0,0,0,0,0,0,0,0,0,0,0,0,0,0,0,0,0
2020-03-10,20,131,15,26,24,23,10,0,1,1,0,1,0,0,0,0,0,0,0,13,3,1,0,0,0,0,0,0,0,259,15,0,3,0,0,4,1,3,0,2,0,0,0,0,0,0,0,0,0,0,0,0,0,0,0,0,0,0,0,0,0,0,0,0,0,0,0,0,0,0,0,0,0,0,0,0,0,0,0,0,0,0,435,1797,27,286,46,0,39,0,56,0,19,0,0,45,3,23,54,5,6,0,3,0,10,0,0,0,1,0,0,0,7,0,0,0,0,0,0,2,4,0,0,0,3,2,0,12,1,0,0,2,0,0,0,-1,1,0,0,0,0,595,10,0,3,4,1,14,0,30,9,0,0,1,2,0,0,0,0,0,0,0,7,4,0,0,0,0,0,0,0,0,0,0,0,0,0,0,0,0,0,0,0,0,0,0,0,0,0,0,0,0,0,0,0,0,0,0,0,0,0,0,0,0,0,0,0,0,0,0
2020-03-11,31,242,20,54,12,16,6,0,4,0,1,0,0,0,0,0,0,0,0,8,6,16,0,4,0,0,0,0,0,224,16,9,4,0,0,0,7,2,5,0,4,0,0,0,0,2,0,7,0,1,0,0,0,0,0,0,0,0,0,0,0,0,0,0,1,0,0,0,0,0,0,0,0,0,0,0,0,0,0,0,0,0,615,977,157,372,50,0,28,159,61,11,51,0,36,78,10,85,172,6,23,10,0,11,0,0,16,6,4,2,3,4,8,3,0,0,0,2,0,0,0,6,0,0,2,0,8,14,0,0,0,8,0,0,0,0,0,0,0,0,0,881,0,5,6,0,0,15,1,1,0,4,0,4,0,0,0,0,0,0,0,0,4,0,0,2,0,0,0,0,0,0,1,0,0,0,0,0,0,0,0,0,0,0,0,0,0,0,0,0,0,0,0,0,0,0,0,0,0,0,0,0,0,0,0,0,0,0,0,0
2020-03-12,26,114,10,52,0,3,12,0,4,11,0,0,0,0,0,0,1,0,0,7,11,13,1,0,0,0,0,0,0,291,0,18,6,2,4,0,2,6,2,6,0,0,0,2,0,0,0,-3,0,0,0,0,0,0,0,0,0,0,0,0,0,0,0,0,0,0,0,0,0,0,0,0,0,0,0,0,0,0,0,0,0,0,501,2313,271,495,87,1,47,154,121,0,120,13,0,135,9,0,353,22,33,23,12,7,0,0,9,0,0,1,0,0,26,3,2,0,0,0,0,3,0,-3,0,0,8,4,0,0,2,0,0,0,0,0,0,0,0,0,0,0,0,958,3,1,238,8,9,0,2,79,25,0,0,11,0,3,0,0,0,0,0,0,0,6,5,0,1,0,0,0,0,0,0,0,0,0,0,0,0,0,0,0,0,0,0,0,0,0,0,0,0,0,0,0,0,0,0,0,0,0,0,0,0,0,0,0,0,0,0,0
2020-03-13,10,110,18,55,0,0,9,0,0,0,2,0,0,0,0,0,0,0,0,0,5,1,1,0,0,0,0,0,0,277,45,25,10,0,1,0,4,5,12,0,9,0,3,0,0,1,0,0,0,0,0,0,1,0,0,0,0,0,0,0,0,0,1,0,1,0,0,1,0,0,0,0,0,0,0,0,0,0,0,0,0,0,825,2651,802,591,134,0,0,213,111,0,59,14,0,159,27,212,59,5,22,0,0,0,69,2,0,0,0,0,0,3,0,0,0,0,2,0,0,11,0,0,0,0,0,0,13,0,3,0,0,2,3,0,0,0,0,2,0,0,0,1075,1,0,0,0,0,11,1,6,0,1,0,0,0,0,0,0,0,0,0,0,1,4,0,0,0,6,0,0,0,0,0,0,0,0,0,0,0,0,0,0,0,0,0,0,0,0,0,0,0,0,0,0,0,0,0,0,0,0,0,0,0,0,0,0,0,0,3,0
2020-03-14,30,107,57,41,68,12,13,1,9,13,2,0,0,0,0,0,0,0,0,35,0,8,3,1,0,0,0,0,0,414,38,21,10,6,14,0,13,6,3,7,1,0,1,0,2,0,1,1,0,6,0,0,5,0,0,0,0,0,0,1,0,0,0,3,2,1,0,0,0,0,1,0,0,0,0,0,0,0,0,0,0,0,1266,2547,693,780,208,4,285,267,190,71,143,0,25,155,20,261,127,15,34,16,21,12,0,0,0,0,11,4,66,3,84,9,3,7,0,7,0,9,2,0,0,1,0,8,10,3,3,0,0,0,0,1,0,1,0,0,0,0,0,1289,1,41,0,26,23,0,1,15,11,9,0,20,1,0,0,0,0,1,0,0,4,0,1,0,0,0,1,0,0,0,1,0,0,1,0,0,0,1,0,0,0,0,1,0,0,0,0,0,1,0,0,0,0,0,0,0,0,0,0,0,0,0,0,0,0,0,2,0
2020-03-15,27,76,52,64,41,47,12,0,5,15,0,0,0,0,0,0,2,0,0,48,0,25,5,1,0,0,0,0,0,0,68,23,18,0,15,0,0,15,11,8,0,0,0,0,0,0,0,0,0,1,0,0,-5,0,0,0,0,0,0,0,0,0,0,0,4,2,0,1,0,0,0,0,0,2,0,0,0,0,0,0,0,0,1522,3515,733,829,342,0,90,234,155,0,296,0,78,149,39,157,26,47,64,59,0,10,101,0,130,77,10,4,0,13,0,0,3,0,8,7,6,14,4,36,0,0,14,7,5,26,0,0,0,5,0,0,0,6,0,0,0,0,0,1365,7,41,75,0,0,0,11,1,16,0,0,12,1,3,0,0,0,0,0,0,3,21,11,1,2,11,1,1,0,0,0,0,0,0,0,0,0,0,0,1,0,0,0,1,2,1,0,0,0,0,1,0,0,0,1,0,0,0,0,0,0,0,0,0,0,0,1,1
2020-03-16,29,74,49,34,315,29,31,0,4,10,5,0,0,0,0,0,0,0,0,0,39,7,8,3,2,0,0,0,0,0,60,79,14,14,12,0,16,28,11,0,0,4,0,0,0,8,1,2,1,2,0,0,3,0,1,0,0,1,0,0,0,0,0,0,5,3,0,0,0,0,0,0,0,0,2,0,0,0,0,0,0,0,2000,3572,1043,911,251,0,396,841,176,133,159,29,22,68,40,170,71,39,84,35,0,0,57,0,103,0,12,11,126,7,78,15,5,18,0,0,0,17,0,8,4,0,1,12,4,0,9,0,0,3,3,7,0,2,0,0,0,0,0,2262,24,0,64,33,31,13,10,10,6,2,5,0,2,6,0,0,0,0,0,0,0,13,12,0,0,5,0,0,0,0,0,5,0,0,0,0,0,0,0,0,0,0,0,0,0,0,0,2,0,0,0,0,0,0,0,0,0,0,0,0,0,0,0,0,0,0,3,0
2020-03-17,39,84,77,15,0,47,0,5,4,0,12,3,0,0,0,3,0,0,0,55,33,23,10,0,3,0,0,0,0,1825,120,34,81,21,0,16,26,15,9,21,18,2,1,6,31,0,3,1,0,0,0,0,0,0,1,0,0,0,0,0,0,0,0,0,1,12,2,0,2,0,0,0,0,1,0,0,0,0,0,0,0,0,1438,3233,1174,1193,152,42,0,0,278,86,173,30,50,67,54,92,62,0,85,0,43,29,5,4,0,61,7,6,0,11,34,0,3,26,0,1,0,11,6,16,0,12,5,0,9,10,9,0,0,0,0,0,0,36,0,0,0,2,0,0,135,30,38,40,0,0,10,8,10,2,29,18,2,5,0,0,0,1,1,0,1,11,11,12,3,1,4,2,0,0,1,2,0,2,0,0,0,4,0,0,1,0,0,0,0,0,0,2,0,1,0,0,0,0,0,0,0,1,0,0,0,0,0,0,0,0,0,0
2020-03-18,0,0,39,0,0,0,23,0,0,4,0,0,0,0,0,0,0,0,0,0,30,0,0,0,0,0,0,0,0,33,0,0,0,0,29,0,0,0,0,0,0,0,0,0,0,0,0,0,5,2,0,0,0,0,0,0,0,0,0,0,0,0,0,0,0,0,0,0,0,0,0,0,0,0,0,0,0,0,0,0,0,0,1987,3526,1144,1079,407,0,401,450,292,117,200,0,54,108,69,139,17,96,51,26,59,15,47,7,56,26,9,1,20,0,22,0,8,0,2,0,27,25,12,14,12,2,24,0,4,2,8,0,2,1,0,0,0,0,0,3,0,0,0,1178,0,38,3,0,30,0,0,8,11,4,0,0,0,1,0,0,0,-1,0,0,2,0,0,5,0,0,0,0,0,1,0,0,0,0,0,0,0,0,0,0,0,0,0,0,0,0,0,0,0,0,0,0,0,0,0,0,0,0,0,0,0,0,0,0,0,0,0,0
2020-03-19,58,93,96,44,120,0,47,9,5,2,11,1,0,0,0,2,0,0,0,55,35,14,13,0,2,0,0,0,0,3551,145,57,82,97,11,0,17,59,14,48,9,23,5,1,3,1,2,2,0,1,0,2,0,0,0,0,0,0,0,0,0,0,0,2,7,15,2,4,0,0,0,0,2,0,0,1,0,0,0,0,0,0,2538,4207,1042,1391,676,144,0,360,346,194,314,54,123,112,0,115,67,41,88,62,70,11,40,2,31,25,16,6,33,8,11,10,1,32,13,17,3,8,5,11,0,23,11,25,4,5,10,3,0,4,18,0,0,11,0,0,0,5,2,1192,54,67,0,30,10,15,11,19,13,5,17,12,9,0,1,0,0,0,0,0,3,54,12,6,3,9,3,5,6,2,4,4,0,4,2,0,0,1,0,2,2,0,0,2,0,0,0,2,2,0,0,0,0,0,1,0,1,1,0,0,0,0,0,0,0,0,3,2
2020-03-20,126,239,199,77,227,30,32,19,19,17,12,1,1,0,0,7,8,2,0,82,110,44,17,0,7,1,0,0,0,3355,167,137,104,44,25,13,23,89,18,15,37,50,1,3,0,3,2,0,3,2,1,0,1,0,0,0,0,0,0,0,1,0,0,1,9,12,1,4,1,2,2,1,0,0,0,0,0,0,0,0,0,0,3431,5322,2801,1834,647,0,309,853,409,143,197,52,102,144,265,129,88,38,172,14,135,27,10,0,0,80,0,13,9,15,33,0,10,38,0,8,10,18,12,2,5,36,15,0,11,17,5,0,8,0,0,0,0,14,0,0,0,2,0,1046,61,0,10,14,13,27,12,13,16,10,4,6,6,0,0,0,0,0,0,0,3,34,10,14,0,2,2,5,4,4,7,0,0,0,0,8,0,3,1,0,3,0,1,1,1,0,0,0,0,1,0,0,0,1,0,0,0,0,0,0,0,0,0,0,0,0,3,1
2020-03-21,116,147,164,46,130,13,40,14,6,5,4,0,0,0,1,2,0,0,0,60,0,0,0,0,0,0,0,0,1,4777,110,193,92,168,46,38,28,0,31,37,26,15,5,12,0,1,0,2,3,1,0,3,0,2,0,0,0,1,0,0,0,0,0,8,0,6,0,0,0,0,0,0,0,0,0,0,0,0,0,0,0,0,2833,5986,7324,1598,706,479,462,977,534,235,806,54,183,200,126,190,123,100,210,48,139,12,81,10,77,79,45,17,16,12,22,11,33,14,10,0,7,14,22,33,12,0,25,9,0,25,11,3,4,5,9,3,0,8,0,7,1,0,0,1237,159,36,8,46,16,0,13,16,14,15,13,11,9,2,0,0,0,0,0,0,1,55,12,0,0,0,5,7,0,5,0,0,0,0,0,0,0,0,0,0,0,0,0,0,0,0,0,0,0,0,0,0,1,0,0,1,0,0,0,0,0,0,0,0,0,0,13,0
2020-03-22,82,98,208,50,153,77,47,13,3,5,2,4,1,0,0,1,4,2,0,81,89,88,13,0,7,0,0,0,0,0,202,283,0,139,0,0,0,84,30,51,0,0,0,0,0,3,0,5,0,0,0,0,0,0,0,0,0,0,0,0,1,0,0,7,0,0,0,0,3,0,0,0,0,0,0,0,0,0,0,0,0,0,4946,6557,3140,1821,1035,277,558,1237,637,260,375,53,171,123,102,184,71,111,91,59,186,38,71,21,35,64,80,14,23,46,42,19,36,24,9,48,3,41,15,36,0,13,13,17,6,0,9,8,0,6,2,6,0,12,0,0,1,0,0,966,34,118,10,29,21,13,12,21,43,6,15,17,4,0,0,0,0,1,0,0,4,35,0,32,0,18,3,5,10,0,9,6,3,0,0,6,1,0,0,1,0,0,0,2,0,0,0,1,0,0,2,1,2,0,0,1,0,1,2,0,0,0,0,0,0,0,19,7
2020-03-23,103,64,315,43,123,73,23,36,19,5,31,0,0,0,0,12,2,1,0,64,310,132,10,0,3,0,0,0,0,16354,336,0,198,26,87,0,108,0,67,0,4,41,0,2,34,5,41,4,6,3,0,0,0,0,0,0,1,0,0,0,0,0,0,2,0,5,3,3,0,0,0,0,1,0,0,0,0,0,0,0,0,0,3646,5560,3311,1525,669,289,586,894,573,320,607,132,188,160,121,206,69,98,170,66,128,15,105,0,94,95,29,14,20,36,31,0,38,30,12,33,4,7,29,22,13,25,15,11,13,0,17,0,7,5,10,5,0,23,16,3,0,5,0,1028,289,119,24,42,19,0,29,31,42,15,28,13,3,16,0,1,0,0,0,0,7,34,107,3,16,11,5,13,0,0,7,0,9,8,1,1,0,2,0,0,6,0,0,0,0,3,1,0,3,0,1,0,0,0,0,0,0,0,0,0,0,0,0,0,0,0,17,3
2020-03-24,146,76,313,39,212,82,52,0,10,3,3,0,1,0,0,2,1,3,0,65,106,19,15,0,6,0,1,2,0,10591,48,642,114,258,119,173,100,77,41,81,41,27,24,4,0,3,1,0,2,0,2,12,0,4,1,1,0,0,0,0,0,1,0,8,21,6,1,2,11,4,2,1,3,1,0,0,1,0,0,0,0,0,4517,4789,4438,3794,967,293,342,1044,545,460,855,0,167,110,219,239,65,115,71,143,77,61,74,37,71,20,71,15,26,20,28,5,36,45,7,6,3,6,22,16,0,51,41,21,34,36,17,2,1,13,0,0,0,3,3,3,11,0,2,1411,103,51,7,39,33,45,28,40,19,14,15,2,29,2,2,0,0,0,0,0,0,128,30,24,0,12,3,32,0,24,6,19,1,1,0,2,8,0,1,0,0,0,2,0,0,0,0,0,0,3,0,0,0,2,0,0,0,0,0,0,0,0,0,0,0,0,7,10
2020-03-25,101,100,543,65,106,90,51,87,11,13,4,0,1,2,0,3,7,2,0,107,107,128,5,0,6,0,0,1,0,9750,307,655,176,259,0,67,0,21,35,29,19,0,8,0,7,1,6,5,1,2,2,1,0,1,0,1,0,4,0,2,0,0,0,8,4,11,3,3,0,0,0,0,0,2,0,0,0,0,0,0,0,0,6584,5249,2342,2410,1427,343,526,774,811,302,796,220,932,256,204,195,131,152,158,186,224,54,92,29,48,60,76,16,17,39,38,0,30,30,15,33,16,13,12,19,4,24,17,8,23,0,13,26,7,6,1,0,0,4,3,-2,10,0,0,1762,104,205,25,36,50,50,27,15,37,25,26,4,15,32,0,0,1,1,0,0,1,152,33,15,47,7,26,0,20,6,9,4,6,9,0,2,0,1,0,0,0,0,0,0,1,0,2,0,0,0,0,0,0,0,0,0,1,0,0,0,0,0,0,0,0,0,12,6
2020-03-26,113,104,547,98,172,84,73,73,7,5,5,0,1,1,0,5,0,4,0,104,0,87,0,0,0,0,1,0,0,11656,1670,232,220,162,108,80,213,64,86,164,24,55,9,22,14,11,3,14,3,5,8,0,0,1,0,5,0,1,2,0,0,1,0,12,9,3,7,5,0,1,3,0,3,0,0,1,0,0,0,0,0,0,7937,5210,4954,2895,1452,561,668,925,852,633,606,182,199,238,235,350,133,150,260,144,234,81,88,43,78,89,36,24,35,35,48,5,65,25,6,9,18,12,29,22,15,25,24,8,28,21,9,2,23,4,4,0,3,10,7,2,0,11,1,2206,66,133,11,54,30,85,55,27,29,59,19,13,0,6,9,4,0,0,1,0,4,155,0,32,8,13,15,-2,4,5,6,1,0,0,0,3,5,0,0,0,1,2,0,0,1,0,2,0,0,0,1,3,0,0,0,0,0,0,0,2,0,0,0,0,0,0,11,5
2020-03-27,117,91,186,96,235,71,52,76,12,5,2,1,0,3,0,8,5,0,0,103,202,75,4,0,9,1,0,2,0,4764,146,0,164,0,0,96,0,100,115,0,0,0,10,0,0,0,1,0,0,0,0,0,0,0,0,4,6,0,0,0,0,0,0,13,0,0,0,0,0,0,0,0,0,1,0,0,1,2,2,0,0,0,8578,6153,5780,3866,2129,1196,1298,1000,1019,549,1141,196,666,296,255,240,153,170,408,123,120,73,78,62,71,65,77,28,134,39,49,0,25,39,29,40,28,10,24,22,18,18,23,14,12,10,5,14,15,4,5,-4,0,8,4,14,3,9,1,2389,0,112,12,39,36,0,50,39,35,24,40,0,10,0,0,0,0,0,1,0,20,218,41,0,0,6,64,5,19,34,3,9,5,0,0,1,0,0,8,0,0,0,1,0,3,2,0,0,0,1,0,2,0,2,1,1,0,0,0,0,0,0,0,0,0,0,41,15
2020-03-28,152,146,650,112,130,96,49,78,16,1,6,1,0,0,0,6,0,1,0,153,0,0,0,0,0,0,0,0,0,16894,463,482,304,384,111,93,116,0,87,21,30,21,13,15,15,22,5,11,1,0,0,6,0,0,0,0,0,1,0,4,0,0,0,0,27,20,9,3,0,8,0,1,1,0,2,3,0,0,0,0,0,0,7871,5959,6294,3756,2885,2069,1049,1390,1172,724,668,228,425,240,302,425,169,168,217,263,152,71,67,93,74,88,91,22,37,43,55,8,59,43,25,20,79,69,18,29,21,58,36,16,11,10,5,0,3,4,4,0,0,4,2,20,3,20,3,2926,178,92,13,41,76,72,83,15,23,30,23,27,43,26,1,0,0,0,0,0,13,243,62,0,12,14,5,0,0,15,4,4,2,0,10,1,0,4,0,15,0,7,3,0,0,3,2,0,1,0,1,0,2,0,0,2,0,0,0,0,0,0,0,0,0,0,0,0
2020-03-29,126,105,331,194,159,272,70,60,10,5,-2,0,0,0,0,5,4,0,2,109,252,255,0,3,0,0,2,3,0,,739,502,299,228,128,0,112,55,101,48,32,36,39,0,7,13,8,4,7,4,6,0,0,0,0,0,0,0,0,0,2,0,0,0,0,0,18,0,0,2,0,0,0,0,0,0,0,0,0,0,0,0,8189,5974,3965,4603,2546,1704,1850,1048,1159,902,594,270,405,401,294,264,155,249,384,160,226,131,193,107,95,73,71,32,65,65,59,0,36,52,17,36,61,0,22,38,29,32,25,17,15,0,0,26,12,5,1,0,0,11,3,9,3,1,1,3076,291,99,28,40,48,63,79,3,21,51,11,0,15,8,2,0,2,2,0,0,7,17,42,0,48,0,0,16,0,6,10,6,0,0,3,4,0,0,0,0,1,9,0,0,0,0,1,0,0,0,0,0,0,0,2,0,1,0,0,0,0,0,0,0,0,0,8,0
2020-03-30,91,78,0,173,150,343,42,76,9,6,1,0,0,2,0,0,1,0,0,130,136,92,14,1,1,1,0,0,0,19332,898,487,0,12,131,0,115,36,55,69,32,29,0,43,0,0,2,3,2,2,5,2,0,7,1,0,0,0,2,0,0,0,0,0,12,0,0,0,5,5,0,0,-6,0,0,0,2,0,0,0,0,0,6549,5217,4751,2497,2433,1869,1702,1122,1104,792,522,0,382,253,200,257,194,224,166,308,119,82,0,62,95,57,56,32,39,39,39,0,90,58,26,56,29,41,18,15,12,20,71,35,11,1,12,0,3,8,1,27,2,4,0,2,10,9,0,2901,99,96,44,33,41,102,79,39,26,34,13,20,0,0,4,4,5,1,0,0,11,93,45,,25,23,15,22,0,0,13,10,11,0,0,-1,19,5,10,0,0,0,8,7,3,0,0,1,0,0,0,0,0,0,0,0,0,0,0,0,0,0,0,0,0,0,64,32
2020-03-31,98,125,393,87,156,128,35,48,15,1,4,0,0,0,0,2,1,0,0,129,0,0,0,0,0,0,0,2,0,17987,662,352,540,127,145,320,88,181,75,94,19,6,51,29,16,23,6,5,2,4,6,7,3,0,5,0,2,0,-2,0,0,1,0,110,6,10,4,12,8,0,4,3,12,4,1,0,1,0,0,0,0,0,6398,4050,4615,4335,2619,1556,1063,1138,884,446,805,303,584,328,295,124,182,193,173,192,38,44,95,69,56,66,77,35,36,0,33,58,0,0,83,34,18,0,26,13,4,29,0,16,0,1,5,23,6,5,2,3,0,9,6,0,0,4,0,3186,240,154,59,47,83,41,58,0,8,50,9,11,12,52,7,1,0,0,0,0,2,46,57,24,4,20,0,26,46,5,17,0,9,13,19,6,0,2,0,0,5,0,0,1,0,0,0,0,0,0,0,0,0,0,0,0,0,0,0,0,0,0,0,0,0,0,0,0
2020-04-01,86,101,348,225,140,538,47,47,4,2,2,0,0,1,0,11,1,1,0,114,247,565,23,1,5,0,0,5,0,22559,1378,323,289,278,101,208,0,213,146,96,0,11,16,0,0,10,3,1,0,0,0,0,4,0,0,0,0,0,6,0,0,0,0,65,8,8,5,3,0,5,0,0,0,0,0,0,0,0,1,0,0,0,9222,4053,5453,7500,3009,2704,876,696,845,1035,564,500,298,407,325,221,283,256,306,293,190,115,71,120,102,49,77,55,30,45,51,0,49,50,25,54,36,27,44,40,24,6,22,32,20,6,11,4,14,12,4,3,0,1,15,0,10,0,0,3111,174,110,88,54,64,53,64,52,17,32,6,23,31,26,5,0,2,1,2,0,17,27,73,15,0,13,0,0,0,36,11,5,7,12,0,0,0,3,0,0,0,0,0,0,0,0,0,0,0,3,0,0,0,2,0,3,0,0,5,7,3,0,0,2,1,0,40,19
2020-04-02,93,89,269,206,142,227,74,76,11,2,0,2,0,1,0,8,0,0,4,149,0,0,0,0,0,0,0,0,0,24103,1310,1138,293,132,121,175,192,258,88,108,33,18,26,33,14,8,4,4,3,2,2,0,7,1,4,0,0,0,0,0,1,0,0,47,9,11,0,5,0,5,2,0,3,0,0,0,0,0,0,0,0,0,7719,4782,6156,4784,4324,2148,1189,962,1019,808,529,440,462,512,212,218,247,243,281,215,141,160,62,135,61,85,96,70,34,33,27,40,48,39,61,51,38,37,25,23,17,20,48,58,34,0,21,4,15,6,4,-15,0,4,18,18,13,0,0,2987,252,157,54,69,34,150,38,2,16,29,4,28,21,43,3,0,0,0,0,0,0,27,263,0,21,15,43,0,28,11,14,7,0,31,1,2,11,0,54,3,1,10,14,0,0,0,2,2,0,4,2,9,0,0,0,0,0,3,1,0,0,0,0,0,1,0,34,15
2020-04-03,78,86,248,233,208,322,49,51,15,2,1,0,2,0,0,5,0,2,2,113,104,329,5,1,2,1,1,1,0,26298,1109,1119,373,791,163,96,136,0,79,159,28,12,21,47,1,8,1,8,8,6,9,12,0,0,0,0,1,0,0,0,0,0,1,30,3,3,5,4,3,0,8,12,1,0,0,0,0,0,0,0,0,0,8102,4668,6174,2066,4244,2456,1384,1774,1083,783,418,771,620,519,402,270,279,392,269,278,168,111,72,183,139,99,48,168,79,60,56,62,68,69,41,57,49,26,30,35,31,33,12,36,0,9,7,15,20,27,3,0,1,4,13,0,6,12,0,2875,159,165,114,86,44,210,59,74,29,32,21,100,21,34,7,6,0,1,0,0,31,82,139,0,0,5,9,107,35,15,11,2,12,29,3,3,0,5,0,19,0,0,22,1,2,0,0,0,11,0,0,5,0,0,0,0,1,0,0,0,1,3,0,0,0,0,27,12
2020-04-04,73,94,230,303,217,385,65,50,6,1,4,0,0,0,0,2,2,0,0,196,103,336,3,0,5,0,0,4,0,28103,1618,1074,333,0,132,108,158,91,132,96,21,19,36,3,0,9,7,15,3,3,5,0,0,2,0,0,0,2,0,0,0,0,1,62,7,2,2,2,4,3,6,5,0,0,0,0,0,1,0,2,0,0,7472,4585,6082,5209,4450,2786,1422,862,1026,852,396,601,819,612,424,273,371,437,332,445,125,305,97,109,99,45,68,0,103,93,37,0,122,96,43,65,25,24,46,28,20,13,35,40,56,7,7,14,20,9,1,0,0,2,23,37,43,14,0,2715,0,154,126,120,48,240,109,30,0,40,11,0,25,1,9,0,7,2,2,0,28,43,0,0,13,12,0,0,16,17,0,5,0,12,0,0,1,4,24,0,0,8,0,0,0,0,0,0,3,0,0,0,0,0,1,1,0,1,2,6,0,0,0,1,0,0,13,0
2020-04-05,55,81,181,351,150,76,75,48,1,1,0,0,5,0,0,9,1,0,0,106,89,1073,8,0,9,0,3,0,0,32105,1206,1146,424,302,178,0,198,181,88,106,20,17,19,42,0,7,3,4,0,6,10,6,4,0,0,0,2,0,1,0,0,1,0,74,7,0,2,5,3,0,0,0,2,0,0,1,0,0,0,0,1,0,7026,4805,5936,4221,3735,3013,1661,783,904,638,241,582,559,365,331,302,320,244,282,430,117,148,267,155,60,53,47,161,57,55,43,186,0,10,69,46,71,21,53,18,57,24,16,30,0,7,11,3,37,13,1,0,0,2,22,5,12,3,0,2560,430,331,250,85,58,241,116,15,19,58,13,139,21,29,1,0,0,0,0,0,24,80,265,41,42,12,1,309,20,10,14,13,5,0,0,1,3,3,46,4,0,3,59,1,1,0,0,0,0,0,1,0,0,0,0,0,0,3,0,3,0,0,0,0,2,0,13,19
2020-04-06,75,47,109,383,179,152,120,39,1,0,0,0,0,1,0,19,1,0,0,181,102,693,17,0,18,0,0,1,0,33510,966,1222,310,0,202,0,128,151,98,139,19,14,32,4,0,18,3,8,11,2,6,0,1,3,1,0,0,0,0,0,0,1,0,0,0,4,0,4,2,2,7,0,5,0,0,0,0,0,0,0,1,0,6023,4316,3677,1850,5903,3135,1260,576,1224,754,217,658,429,387,507,130,292,475,115,251,75,284,45,68,62,69,56,112,79,11,20,122,40,0,72,30,73,14,72,28,92,57,24,20,44,7,21,69,6,18,1,0,0,0,18,32,1,5,1,2483,397,93,279,103,83,294,153,12,0,21,22,0,33,38,8,3,1,2,0,0,29,70,0,0,0,3,0,0,-2,31,13,0,7,20,0,4,0,5,0,0,2,0,0,0,2,0,0,0,0,9,0,9,0,2,0,0,0,3,4,0,0,1,0,0,2,1,10,0
2020-04-07,66,47,100,252,131,414,66,32,4,0,1,1,2,1,0,1,1,0,0,218,51,0,0,0,35,0,0,0,0,26493,1902,852,344,282,253,340,187,535,103,79,19,6,30,30,15,26,2,9,9,3,7,5,5,3,0,3,0,0,1,8,1,2,4,61,4,1,0,2,1,0,4,14,2,2,0,0,0,0,0,0,0,0,4273,3599,3834,3881,3802,3148,1123,509,952,452,314,954,593,376,253,115,312,311,235,193,39,292,249,143,20,76,40,101,11,73,24,138,32,87,57,33,66,49,15,18,82,17,9,19,0,11,7,12,20,7,0,3,0,0,0,0,0,0,0,2274,587,289,228,149,70,277,28,56,14,22,4,109,40,30,31,0,0,2,0,0,8,31,172,43,78,4,9,0,24,17,0,2,0,0,0,0,4,0,40,0,2,0,0,0,0,0,0,1,0,1,0,0,2,0,0,0,0,1,2,15,2,0,4,0,0,0,5,17
2020-04-08,86,53,112,351,170,104,106,26,4,0,0,0,1,0,0,8,5,0,0,247,149,1127,10,0,41,0,0,1,0,29510,1243,926,301,0,296,128,112,280,74,94,13,9,46,7,6,11,1,2,7,1,9,4,2,1,0,1,0,0,0,0,0,0,0,60,2,4,7,4,0,2,0,3,0,0,0,0,3,0,0,0,0,1,5478,3039,4003,3738,3634,3892,1380,590,777,712,343,1154,793,487,345,108,390,435,195,360,127,247,132,206,77,24,60,91,41,78,34,161,37,44,76,86,39,64,29,28,62,11,6,29,23,2,52,42,25,13,0,0,0,3,12,15,23,10,0,2089,208,43,225,128,91,283,43,55,7,27,4,78,48,56,31,0,2,0,1,0,9,63,45,19,26,11,73,0,22,24,22,1,15,30,0,14,0,9,94,0,0,8,33,0,0,1,0,0,3,3,0,2,0,1,0,2,0,0,1,0,0,4,0,0,0,0,9,20
2020-04-09,92,39,96,511,156,106,142,23,2,0,2,1,0,3,1,4,4,0,3,218,54,540,3,0,54,0,0,0,0,31709,1384,1661,430,703,346,0,149,393,87,201,16,9,61,7,1,16,1,4,10,4,15,3,2,2,0,0,0,0,1,4,0,1,1,47,1,0,3,5,2,0,6,0,0,1,0,2,0,0,0,0,3,0,6180,3836,4974,3869,5491,4117,1209,546,969,699,329,2634,0,726,515,147,331,357,295,344,64,219,179,224,52,30,61,118,36,85,36,205,32,44,105,35,18,84,18,16,21,15,29,32,9,29,6,10,0,6,1,14,1,0,0,0,0,0,0,1997,250,137,153,110,80,300,91,12,27,5,5,112,38,21,14,0,1,0,4,0,0,96,104,20,35,7,26,175,22,5,24,5,1,7,0,12,1,3,64,15,1,9,20,0,0,2,7,0,0,0,1,2,0,0,0,0,0,17,2,0,0,0,0,0,1,0,4,2
2020-04-10,56,27,100,579,109,206,287,23,4,0,1,0,0,0,0,3,0,0,0,556,50,678,1,0,112,0,0,5,0,30859,1326,2210,426,515,396,393,279,1388,80,274,19,32,58,31,0,54,2,5,8,0,10,0,4,3,0,0,0,0,0,0,0,1,0,63,2,2,8,6,1,0,0,3,1,0,0,0,0,0,0,0,0,0,5756,4204,5323,4256,4344,4056,1580,785,1213,815,279,1786,351,722,1169,150,233,370,257,441,81,201,118,311,71,32,64,115,22,210,33,0,43,16,104,59,75,19,46,31,69,23,12,38,7,36,38,18,4,16,0,0,0,0,15,0,15,0,0,1634,279,355,166,139,30,331,102,64,7,15,14,55,27,77,5,0,3,1,0,0,3,89,94,30,0,6,0,0,12,41,8,3,2,5,0,3,0,1,68,0,0,3,30,2,0,0,0,0,20,4,0,0,0,1,0,0,0,0,0,2,7,0,0,0,0,2,14,5
2020-04-11,64,30,86,658,118,119,198,20,2,1,2,0,1,1,0,2,0,0,0,0,45,1035,7,0,94,0,0,1,1,35386,1467,1930,529,2196,260,0,224,914,134,169,37,17,49,39,5,4,0,5,31,0,14,3,0,0,0,1,0,0,0,0,1,1,4,42,0,2,4,1,4,9,0,7,0,0,0,1,0,0,0,0,0,0,4576,3951,4133,4332,5195,4747,1684,733,1335,1516,312,1667,340,544,696,84,184,380,163,265,108,238,164,308,56,27,88,149,51,120,36,915,44,0,65,26,57,14,48,11,0,13,23,31,0,0,13,41,3,3,1,0,0,0,10,13,25,0,0,1972,187,364,136,95,48,370,71,111,27,28,0,83,62,0,10,0,0,2,0,1,2,69,95,29,96,15,65,73,17,4,0,5,0,5,1,0,0,9,28,0,7,15,0,0,0,0,3,0,0,0,1,0,0,0,1,0,0,6,0,0,0,1,0,0,0,0,6,0
2020-04-12,113,32,51,743,184,233,191,14,1,0,2,0,0,0,0,3,0,0,0,729,33,909,2,0,197,0,0,10,0,31606,1318,1781,426,96,403,271,222,641,46,250,19,21,56,10,0,7,0,4,11,2,1,1,0,1,1,0,2,0,1,2,0,0,0,63,1,0,6,2,3,0,0,0,1,0,0,0,0,0,0,0,0,0,4830,4694,2821,3104,8719,5138,1351,592,1316,515,247,2186,430,466,839,76,177,401,170,523,47,275,136,266,70,14,39,122,46,100,28,245,54,76,67,47,38,13,117,26,172,20,18,21,30,12,20,38,7,19,0,0,0,0,9,15,14,0,0,1837,250,382,216,145,38,376,97,42,10,14,9,161,53,34,37,6,1,2,9,0,0,25,64,0,53,13,30,0,13,1,8,2,9,2,0,0,0,4,53,0,0,13,56,0,0,0,0,0,5,5,0,0,0,0,0,2,5,11,0,3,0,3,0,0,1,1,6,0
2020-04-13,115,25,33,507,153,220,233,15,4,0,0,0,0,3,0,0,2,0,0,0,28,796,11,1,0,0,3,3,0,31633,1158,1089,286,209,375,347,260,951,0,236,19,7,49,1,0,25,3,1,16,4,7,1,0,0,0,0,0,0,0,0,2,3,0,109,1,0,0,0,-2,2,8,0,0,0,0,0,1,0,0,1,0,0,4167,4092,2537,1595,5288,4789,1629,400,1174,598,130,2558,353,332,727,95,178,318,89,310,11,250,69,325,33,12,66,102,5,48,17,352,9,26,40,59,82,14,0,14,100,17,21,17,0,0,8,42,5,14,0,0,0,0,9,0,22,16,0,1657,336,429,251,126,34,387,116,96,11,22,8,80,128,52,28,0,0,0,4,0,3,145,89,0,0,2,158,0,5,5,12,6,2,6,3,3,1,2,38,10,0,0,0,0,0,2,0,0,8,0,0,1,0,7,0,1,0,2,0,1,0,1,0,2,2,0,1,16
2020-04-14,99,27,44,390,134,284,386,8,3,0,0,1,0,0,0,1,2,0,0,316,34,1211,8,0,182,0,4,,4,29308,1084,1442,312,63,442,200,166,671,277,67,18,11,57,4,10,30,1,13,3,3,12,3,10,9,0,0,0,0,0,2,0,1,0,6,1,0,0,2,0,7,0,2,0,0,0,2,0,0,0,0,0,0,3477,3153,2082,2668,4342,4093,942,279,964,349,106,2774,357,465,992,73,144,260,68,333,11,424,90,270,31,10,50,50,23,54,7,341,8,0,50,27,112,27,26,10,158,12,4,29,29,15,6,11,7,30,0,39,0,0,9,15,2,0,0,1617,342,472,252,125,26,398,102,226,2,19,2,66,86,58,83,0,1,10,35,0,3,99,69,54,93,11,0,0,20,0,6,1,0,11,2,0,0,3,19,4,17,29,69,3,0,0,1,0,0,0,0,0,3,5,0,3,0,1,0,0,0,3,0,0,0,0,2,0
2020-04-15,49,27,50,455,170,291,334,6,1,0,0,13,0,0,0,1,0,0,2,282,30,1076,15,0,209,0,0,12,0,24446,1360,1261,392,74,353,119,72,0,84,76,17,-29,40,10,0,24,0,12,11,1,12,1,0,0,0,0,0,0,0,0,0,4,0,20,0,2,0,0,0,0,1,0,2,0,0,0,1,0,0,1,6,0,3045,2972,2486,5483,5252,4062,530,254,868,514,191,3388,633,497,832,78,193,268,82,246,15,411,97,392,25,9,54,222,41,67,8,362,0,28,49,52,184,66,54,28,160,8,2,33,0,1,9,19,14,10,1,0,0,0,1,4,14,0,0,1574,272,435,197,160,22,412,125,166,9,21,6,55,97,105,65,4,9,3,0,0,14,143,87,18,12,8,70,52,0,0,13,7,4,8,0,1,0,8,22,0,4,7,44,20,0,1,7,0,23,0,0,0,0,0,0,1,0,8,0,1,0,0,0,0,1,0,0,10
2020-04-16,52,22,42,482,85,230,447,6,1,0,0,0,0,0,0,0,0,0,0,297,29,941,5,1,219,0,0,11,0,25802,1394,1832,356,255,385,328,102,2784,141,127,6,9,48,12,12,43,1,2,13,32,10,1,1,1,0,0,0,0,2,0,0,0,0,51,1,0,1,7,0,0,0,1,0,0,0,0,0,0,0,0,0,0,5092,2667,2866,2622,4603,4281,2454,583,734,643,136,3448,332,482,1068,111,170,380,162,337,66,408,76,398,22,7,37,115,29,73,28,447,21,68,56,30,20,28,66,34,135,14,9,20,19,21,6,17,0,30,0,0,0,0,4,0,12,0,0,1512,517,493,283,155,15,432,136,149,17,33,4,50,109,24,72,4,13,0,20,0,5,91,90,13,16,15,0,0,30,0,13,2,0,9,3,0,1,3,14,43,35,21,41,10,0,1,0,0,7,0,0,1,0,4,0,5,0,0,0,,0,0,0,0,2,0,-1,4
2020-04-17,352,22,10,585,110,207,728,2,1,0,0,1,1,0,5,0,0,0,0,380,28,1007,0,2,341,0,0,0,12,28711,1344,3058,534,367,448,141,177,1172,121,126,8,1,48,7,4,44,0,13,16,20,5,2,7,0,0,0,0,0,0,0,0,0,0,69,1,0,2,1,0,24,6,4,0,0,0,0,1,0,0,0,0,0,5183,3786,3380,2623,4617,4801,1236,315,1061,750,78,4070,391,613,724,114,198,336,130,491,71,445,132,500,15,12,50,105,32,111,20,476,58,24,30,53,185,114,107,53,31,21,9,20,24,33,13,23,15,34,0,0,0,0,5,2,4,2,0,1606,520,518,392,168,19,460,259,23,5,42,1,119,50,51,156,0,1,0,0,0,2,99,108,15,34,21,5,0,0,0,20,2,7,9,0,4,0,7,25,0,6,27,34,0,0,0,1,0,8,2,1,0,45,0,0,0,0,14,0,3,2,0,0,0,2,0,4,12
2020-04-18,31,18,65,628,69,218,623,8,0,0,0,0,0,0,0,0,0,0,1,407,33,991,6,5,266,0,14,9,0,32549,1775,2105,445,225,450,371,265,2014,96,128,16,9,61,16,7,24,0,25,18,18,13,0,2,2,0,0,0,0,0,0,0,0,0,25,0,0,1,0,0,2,1,0,0,0,0,0,0,0,0,1,0,0,5252,3493,3609,385,5599,4353,1329,346,1235,181,155,4785,264,676,709,0,194,461,116,360,36,372,120,444,0,15,23,110,25,71,36,575,90,42,57,41,66,72,36,46,70,9,7,0,30,0,10,17,2,15,0,5,0,0,6,4,31,2,0,1499,456,762,560,171,48,477,281,44,5,42,5,134,111,63,141,5,0,1,36,0,18,178,150,4,54,7,0,161,0,0,0,0,0,12,4,2,0,4,18,26,54,19,0,0,0,3,2,0,0,0,0,0,0,6,0,1,0,3,0,4,0,1,0,0,11,0,8,12
2020-04-19,21,8,53,566,54,209,942,4,0,1,0,0,0,0,0,1,0,0,0,325,32,1334,10,6,306,0,1,13,1,30023,1741,3257,478,572,578,209,194,0,90,206,7,6,63,15,0,28,0,3,21,20,13,0,6,1,0,0,-1,0,0,0,0,0,0,50,4,0,0,0,2,0,0,0,2,0,0,0,0,0,0,0,0,0,3658,3491,2458,2558,5525,3783,1045,325,1140,663,59,6060,252,606,778,193,169,363,105,351,57,304,192,343,0,6,18,87,53,82,13,0,59,47,33,58,0,40,53,32,45,1,30,26,0,29,4,48,3,9,1,0,0,0,2,11,2,0,0,1374,512,1132,345,188,31,0,121,29,5,2,6,93,86,25,0,0,0,33,19,0,7,251,116,0,0,8,193,0,0,1,40,6,3,16,5,0,0,9,12,0,0,26,39,28,0,3,0,0,13,0,0,4,0,0,0,1,0,5,0,0,0,0,0,0,4,0,5,0
2020-04-20,36,13,26,390,84,172,596,7,0,1,0,1,0,0,0,-3,0,0,0,327,27,1553,17,17,312,0,0,4,0,28252,1509,2917,1158,446,622,345,63,931,55,182,6,9,49,15,24,27,0,4,22,10,11,0,0,0,0,0,0,0,0,0,0,0,0,95,0,3,1,0,0,3,0,7,0,0,0,0,0,0,1,0,0,0,4218,3047,1775,742,5850,3977,1313,336,1066,521,48,0,255,563,493,84,142,545,133,328,13,324,102,261,28,11,39,121,16,68,13,0,28,43,25,18,0,72,37,37,70,13,15,6,14,6,1,14,0,5,0,0,0,1,3,11,6,0,0,1343,425,1088,440,112,26,479,170,108,0,0,4,164,144,63,114,1,2,26,29,0,4,124,95,18,105,17,208,0,168,3,5,3,1,8,4,0,0,3,9,0,23,8,0,0,0,0,4,0,1,0,0,0,0,0,0,0,0,10,0,0,5,0,0,1,5,0,1,39
2020-04-21,13,9,13,367,35,200,1426,2,0,0,0,1,1,0,0,0,1,0,0,185,19,1336,33,16,492,1,0,8,4,27668,1474,2055,-381,660,764,284,194,1208,121,171,5,11,52,5,28,44,0,2,32,23,17,0,2,3,0,0,0,0,1,0,0,0,0,39,0,0,0,1,0,0,0,3,0,0,0,0,0,0,0,0,0,0,4266,2256,1785,2050,4676,4674,1487,204,750,657,73,9910,521,392,401,45,131,306,127,190,8,312,85,415,10,2,10,76,7,114,5,1485,24,48,38,14,306,12,18,14,92,1,12,5,47,1,4,22,4,9,0,-30,1,0,0,4,0,0,0,1294,798,1122,567,189,35,484,191,26,4,18,8,80,98,30,0,0,0,15,73,0,5,142,89,11,32,10,0,147,0,0,18,0,0,11,4,1,0,3,7,17,84,22,145,0,0,2,0,0,11,17,0,0,0,0,0,0,1,8,5,0,0,0,0,0,8,0,0,0
